Expiration Date,Calls,Last Sale,Net,Bid,Ask,Vol,IV,Delta,Gamma,Open Int,Strike,Puts,Last Sale,Net,Bid,Ask,Vol,IV,Delta,Gamma,Open Int
01/15/2021,DJX210115C00190000,0,0,109.3,113.7,0,0,0.9976,0.0001,0,190.000,DJX210115P00190000,0,0,0,0.16,0,0.5462,-0.0043,0.0002,179
01/15/2021,DJX210115C00195000,0,0,104.55,108.7,0,0,0.9975,0.0002,0,195.000,DJX210115P00195000,0,0,0,0.17,0,0.5232,-0.0048,0.0003,34
01/15/2021,DJX210115C00200000,0,0,99.55,103.7,0,0,0.9974,0.0002,0,200.000,DJX210115P00200000,0,0,0,0.17,0,0.4945,-0.005,0.0003,38
01/15/2021,DJX210115C00205000,0,0,94.35,98.75,0,0,0.9946,0.0003,0,205.000,DJX210115P00205000,0,0,0,0.18,0,0.4709,-0.0056,0.0003,0
01/15/2021,DJX210115C00210000,0,0,89.6,93.75,0,0,0.9942,0.0004,0,210.000,DJX210115P00210000,0.15,0,0,0.19,0,0.4469,-0.0061,0.0004,40
01/15/2021,DJX210115C00215000,0,0,84.4,88.75,0,0,0.9914,0.0005,0,215.000,DJX210115P00215000,0,0,0,0.2,0,0.4244,-0.0069,0.0004,0
01/15/2021,DJX210115C00220000,0,0,79.65,83.8,0,0,0.9952,0.0004,1,220.000,DJX210115P00220000,0,0,0,0.22,0,0.4023,-0.0077,0.0005,11
01/15/2021,DJX210115C00225000,0,0,74.7,78.85,0,0,0.9949,0.0004,0,225.000,DJX210115P00225000,0,0,0,0.25,0,0.3834,-0.0092,0.0006,22
01/15/2021,DJX210115C00230000,0,0,69.75,73.9,0,0.2557,0.9993,0.0001,0,230.000,DJX210115P00230000,0.22,0,0.05,0.3,0,0.3747,-0.0127,0.0009,155
01/15/2021,DJX210115C00235000,0,0,64.85,68.95,0,0.314,0.9925,0.0006,1,235.000,DJX210115P00235000,0.47,0,0.06,0.41,0,0.3644,-0.0171,0.0012,400
01/15/2021,DJX210115C00240000,0,0,59.95,64,0,0.3174,0.9865,0.0011,0,240.000,DJX210115P00240000,0.4,0,0.11,0.53,0,0.3544,-0.023,0.0015,91
01/15/2021,DJX210115C00241000,0,0,58.95,63,0,0.3124,0.9863,0.0011,0,241.000,DJX210115P00241000,0,0,0.13,0.56,0,0.3531,-0.0246,0.0016,0
01/15/2021,DJX210115C00242000,0,0,58,62,0,0.3137,0.9846,0.0012,0,242.000,DJX210115P00242000,0.65,0,0.14,0.58,0,0.3502,-0.0258,0.0017,10
01/15/2021,DJX210115C00243000,0,0,57,61.05,0,0.3146,0.9827,0.0013,0,243.000,DJX210115P00243000,0,0,0.17,0.6,0,0.3486,-0.0274,0.0018,0
01/15/2021,DJX210115C00244000,0,0,56,60.05,0,0.3096,0.9824,0.0014,0,244.000,DJX210115P00244000,0,0,0.18,0.63,0,0.3461,-0.0289,0.0019,0
01/15/2021,DJX210115C00245000,0,0,55.05,59.05,0,0.3105,0.9804,0.0015,1,245.000,DJX210115P00245000,0.44,0,0.2,0.65,0,0.3434,-0.0303,0.002,62
01/15/2021,DJX210115C00246000,0,0,54.05,58.1,0,0.3102,0.9785,0.0016,0,246.000,DJX210115P00246000,0,0,0.22,0.68,0,0.3413,-0.0321,0.0021,0
01/15/2021,DJX210115C00247000,0,0,53.1,57.1,0,0.3094,0.9767,0.0018,0,247.000,DJX210115P00247000,0.8,0,0.24,0.7,0,0.3383,-0.0336,0.0022,10
01/15/2021,DJX210115C00248000,0,0,52.1,56.1,0,0.3042,0.9763,0.0018,0,248.000,DJX210115P00248000,0,0,0.26,0.73,0,0.3359,-0.0354,0.0023,0
01/15/2021,DJX210115C00249000,0,0,51.15,55.15,0,0.3071,0.9729,0.002,0,249.000,DJX210115P00249000,0,0,0.29,0.76,0,0.3338,-0.0374,0.0024,0
01/15/2021,DJX210115C00250000,0,0,50.2,54.15,0,0.3055,0.971,0.0021,0,250.000,DJX210115P00250000,0.56,-0.145,0.31,0.79,1,0.3311,-0.0393,0.0025,274
01/15/2021,DJX210115C00251000,0,0,49.25,53.2,0,0.3071,0.9677,0.0023,0,251.000,DJX210115P00251000,0,0,0.32,0.82,0,0.3276,-0.0409,0.0027,5
01/15/2021,DJX210115C00252000,0,0,48.25,52.2,0,0.3015,0.9672,0.0024,0,252.000,DJX210115P00252000,1.21,0,0.36,0.86,0,0.3261,-0.0436,0.0028,8
01/15/2021,DJX210115C00253000,0,0,47.3,51.25,0,0.3025,0.9637,0.0026,0,253.000,DJX210115P00253000,0,0,0.37,0.89,0,0.3223,-0.0452,0.0029,0
01/15/2021,DJX210115C00254000,0,0,46.35,50.25,0,0.2999,0.9618,0.0027,0,254.000,DJX210115P00254000,0,0,0.42,0.93,0,0.321,-0.0482,0.0031,0
01/15/2021,DJX210115C00255000,45.74,0,45.4,49.3,0,0.3,0.9583,0.0029,1,255.000,DJX210115P00255000,0.85,0,0.45,0.97,0,0.3184,-0.0507,0.0032,54
01/15/2021,DJX210115C00256000,0,0,44.45,48.3,0,0.2969,0.9563,0.0031,0,256.000,DJX210115P00256000,0,0,0.49,1,0,0.3157,-0.0532,0.0034,0
01/15/2021,DJX210115C00257000,0,0,43.5,47.35,0,0.2964,0.9528,0.0033,0,257.000,DJX210115P00257000,0,0,0.52,1.05,0,0.3132,-0.056,0.0036,0
01/15/2021,DJX210115C00258000,0,0,42.55,46.4,0,0.2955,0.9493,0.0035,0,258.000,DJX210115P00258000,0,0,0.56,1.09,0,0.3106,-0.0589,0.0037,0
01/15/2021,DJX210115C00259000,0,0,41.6,45.4,0,0.2919,0.9471,0.0037,0,259.000,DJX210115P00259000,0,0,0.6,1.13,0,0.3079,-0.0618,0.0039,4
01/15/2021,DJX210115C00260000,0,0,40.65,44.45,0,0.2904,0.9436,0.0039,0,260.000,DJX210115P00260000,0.94,-0.235,0.62,1.18,4,0.3045,-0.0646,0.0041,311
01/15/2021,DJX210115C00261000,0,0,39.7,43.5,0,0.2886,0.9401,0.0041,0,261.000,DJX210115P00261000,0,0,0.68,1.23,0,0.3026,-0.0683,0.0043,0
01/15/2021,DJX210115C00262000,0,0,38.75,42.5,0,0.2846,0.9377,0.0043,0,262.000,DJX210115P00262000,0,0,0.73,1.28,0,0.3,-0.0718,0.0045,0
01/15/2021,DJX210115C00263000,0,0,37.85,41.55,0,0.2844,0.9327,0.0045,0,263.000,DJX210115P00263000,0,0,0.78,1.33,0,0.2973,-0.0754,0.0047,0
01/15/2021,DJX210115C00264000,0,0,36.9,40.6,0,0.282,0.929,0.0048,0,264.000,DJX210115P00264000,0,0,0.84,1.39,0,0.2949,-0.0795,0.005,0
01/15/2021,DJX210115C00265000,0,0,35.95,39.65,0,0.2793,0.9252,0.005,0,265.000,DJX210115P00265000,1.21,-0.285,0.95,1.46,5,0.2944,-0.0849,0.0052,7
01/15/2021,DJX210115C00266000,0,0,35.05,38.7,0,0.2782,0.9201,0.0053,2,266.000,DJX210115P00266000,0,0,0.92,1.51,0,0.2887,-0.0871,0.0054,0
01/15/2021,DJX210115C00267000,0,0,34.15,37.75,0,0.2767,0.915,0.0056,0,267.000,DJX210115P00267000,1.47,0,1,1.57,0,0.2865,-0.0919,0.0057,9
01/15/2021,DJX210115C00268000,0,0,33.2,36.8,0,0.2734,0.911,0.0058,0,268.000,DJX210115P00268000,0,0,1.04,1.64,0,0.2831,-0.0961,0.006,28
01/15/2021,DJX210115C00269000,0,0,32.3,35.85,0,0.2715,0.9057,0.0061,0,269.000,DJX210115P00269000,0,0,1.13,1.71,0,0.2811,-0.1014,0.0063,0
01/15/2021,DJX210115C00270000,30.33,0,31.4,34.9,0,0.2693,0.9004,0.0064,1,270.000,DJX210115P00270000,1.62,-0.295,1.18,1.79,4,0.278,-0.1063,0.0065,22
01/15/2021,DJX210115C00271000,0,0,30.5,33.95,0,0.2668,0.8949,0.0068,0,271.000,DJX210115P00271000,0,0,1.28,1.86,0,0.2757,-0.112,0.0069,5
01/15/2021,DJX210115C00272000,0,0,29.6,33,0,0.2641,0.8894,0.0071,0,272.000,DJX210115P00272000,0,0,1.33,1.95,0,0.2725,-0.1172,0.0072,1
01/15/2021,DJX210115C00273000,0,0,28.7,32.05,0,0.2612,0.8837,0.0074,0,273.000,DJX210115P00273000,0,0,1.44,2.04,0,0.2705,-0.1238,0.0075,1
01/15/2021,DJX210115C00274000,0,0,27.8,31.15,0,0.2593,0.8769,0.0078,0,274.000,DJX210115P00274000,1.89,-0.455,1.53,2.13,3,0.2678,-0.1301,0.0078,800
01/15/2021,DJX210115C00275000,0,0,26.95,30.2,0,0.2572,0.87,0.0082,1,275.000,DJX210115P00275000,2.22,0,1.95,2.23,0,0.2725,-0.1427,0.0082,16
01/15/2021,DJX210115C00276000,0,0,26.05,29.3,0,0.2547,0.8629,0.0085,0,276.000,DJX210115P00276000,0,0,1.71,2.33,0,0.2622,-0.1434,0.0086,0
01/15/2021,DJX210115C00277000,0,0,25.2,28.35,0,0.252,0.8558,0.0089,0,277.000,DJX210115P00277000,3.08,0,1.83,2.43,0,0.2597,-0.1508,0.0089,37
01/15/2021,DJX210115C00278000,0,0,24.15,27.45,0,0.2459,0.8512,0.0093,0,278.000,DJX210115P00278000,3.95,0,1.92,2.55,0,0.2567,-0.1582,0.0093,15
01/15/2021,DJX210115C00279000,0,0,23.3,26.55,0,0.2439,0.8427,0.0098,0,279.000,DJX210115P00279000,0,0,2.03,2.67,0,0.2539,-0.1661,0.0097,0
01/15/2021,DJX210115C00280000,21.45,0,22.65,25.65,0,0.2455,0.8304,0.0102,7,280.000,DJX210115P00280000,2.57,-0.595,2.16,2.8,2,0.2515,-0.1747,0.0102,319
01/15/2021,DJX210115C00281000,0,0,21.85,24.75,0,0.2438,0.8208,0.0106,0,281.000,DJX210115P00281000,0,0,2.3,2.93,0,0.2489,-0.1837,0.0106,0
01/15/2021,DJX210115C00282000,0,0,20.8,23.85,0,0.237,0.8153,0.0112,0,282.000,DJX210115P00282000,0,0,2.43,3.1,0,0.2467,-0.1933,0.011,0
01/15/2021,DJX210115C00283000,0,0,20,22.95,0,0.2348,0.8052,0.0116,1,283.000,DJX210115P00283000,0,0,2.57,3.25,0,0.244,-0.2029,0.0115,0
01/15/2021,DJX210115C00284000,0,0,20.05,21.65,0,0.24,0.7879,0.012,0,284.000,DJX210115P00284000,3.1,-0.75,2.73,3.4,5,0.2413,-0.2131,0.012,0
01/15/2021,DJX210115C00285000,14.42,0,19.2,20.8,0,0.2368,0.7777,0.0125,0,285.000,DJX210115P00285000,3.41,-0.665,3,3.55,1,0.2402,-0.2251,0.0124,532
01/15/2021,DJX210115C00286000,0,0,18.4,20,0,0.2351,0.7657,0.0129,0,286.000,DJX210115P00286000,6,0,3.05,3.75,0,0.2359,-0.2349,0.0129,11
01/15/2021,DJX210115C00287000,0,0,17.55,19.15,0,0.2315,0.7548,0.0135,0,287.000,DJX210115P00287000,3.95,-0.575,3.25,3.9,20,0.233,-0.2463,0.0134,0
01/15/2021,DJX210115C00288000,0,0,16.75,18.35,0,0.2291,0.7424,0.014,0,288.000,DJX210115P00288000,0,0,3.45,4.1,0,0.2306,-0.2587,0.0139,0
01/15/2021,DJX210115C00289000,0,0,16.05,17.55,0,0.2279,0.7285,0.0144,0,289.000,DJX210115P00289000,0,0,3.7,4.3,0,0.2286,-0.272,0.0144,0
01/15/2021,DJX210115C00290000,15.65,1.425,15.25,16.8,10,0.2255,0.715,0.0149,8,290.000,DJX210115P00290000,4.38,-0.82,3.85,4.55,1,0.2255,-0.2849,0.0149,54
01/15/2021,DJX210115C00291000,0,0,14.5,16,0,0.2228,0.7012,0.0154,0,291.000,DJX210115P00291000,5.2,0,4.1,4.8,0,0.2236,-0.2993,0.0154,11
01/15/2021,DJX210115C00292000,0,0,13.75,15.25,0,0.2205,0.6865,0.0159,1,292.000,DJX210115P00292000,9.29,0,4.35,5,0,0.2205,-0.3134,0.0159,2
01/15/2021,DJX210115C00293000,0,0,13,14.5,0,0.2178,0.6715,0.0165,0,293.000,DJX210115P00293000,7.95,0,4.6,5,0,0.2144,-0.3262,0.0167,103
01/15/2021,DJX210115C00294000,9.34,0,12.25,13.75,0,0.2148,0.6561,0.017,1,294.000,DJX210115P00294000,7.25,0,4.9,5.55,0,0.2161,-0.3445,0.0169,54
01/15/2021,DJX210115C00295000,11.9,1.2,11.55,13.05,10,0.2127,0.6396,0.0175,13,295.000,DJX210115P00295000,5.62,-1.155,5.1,5.85,2,0.2126,-0.3603,0.0175,22
01/15/2021,DJX210115C00296000,8.16,0,10.85,12.35,0,0.2101,0.6227,0.0179,1,296.000,DJX210115P00296000,6.9,0,5.4,6.15,0,0.2101,-0.3772,0.0179,2
01/15/2021,DJX210115C00297000,0,0,10.2,11.65,0,0.2079,0.6052,0.0184,0,297.000,DJX210115P00297000,8.45,0,5.7,6.5,0,0.2079,-0.3948,0.0184,6
01/15/2021,DJX210115C00298000,0,0,9.55,10.95,0,0.2052,0.5872,0.0188,0,298.000,DJX210115P00298000,8.5,0,6,6.85,0,0.2051,-0.4127,0.0188,5
01/15/2021,DJX210115C00299000,9.05,0,8.95,10.25,0,0.2026,0.5685,0.0192,2,299.000,DJX210115P00299000,7.95,0,6.35,7.2,0,0.2026,-0.4314,0.0192,0
01/15/2021,DJX210115C00300000,8.73,1.08,8.35,9.6,25,0.2003,0.5493,0.0196,62,300.000,DJX210115P00300000,7.5,-1.175,6.7,7.6,2,0.2003,-0.4506,0.0196,78
01/15/2021,DJX210115C00305000,5.8,0.55,5.75,6.6,59,0.1895,0.4468,0.0207,58,305.000,DJX210115P00305000,9.55,-1.675,8.75,9.9,15,0.1888,-0.5534,0.0208,25
01/15/2021,DJX210115C00310000,3.85,0.595,3.55,4.3,5,0.179,0.3383,0.0203,835,310.000,DJX210115P00310000,12.35,-2.05,11.35,12.8,10,0.1784,-0.6623,0.0203,3
01/15/2021,DJX210115C00315000,2.33,0.345,2.04,2.69,40,0.1725,0.238,0.0178,522,315.000,DJX210115P00315000,0,0,14.8,16.25,0,0.1721,-0.7625,0.0178,0
01/15/2021,DJX210115C00320000,1.29,0,1.08,1.67,0,0.1695,0.1575,0.0141,1024,320.000,DJX210115P00320000,0,0,18.05,21.25,0,0.1735,-0.8364,0.0141,0
01/15/2021,DJX210115C00325000,0.73,0,0.53,1.06,0,0.1694,0.1005,0.0103,56,325.000,DJX210115P00325000,0,0,22.3,25.9,0,0.1766,-0.8895,0.0106,0
01/15/2021,DJX210115C00330000,0.45,0,0.23,0.62,0,0.1685,0.0596,0.007,122,330.000,DJX210115P00330000,0,0,26.8,30.7,0,0.1801,-0.9269,0.0076,0
01/15/2021,DJX210115C00335000,0.18,0,0.07,0.36,0,0.1672,0.0329,0.0044,119,335.000,DJX210115P00335000,0,0,31.55,35.55,0,0.1858,-0.9504,0.0055,0
01/15/2021,DJX210115C00340000,0.18,0,0,0.26,0,0.1724,0.0207,0.0029,168,340.000,DJX210115P00340000,0,0,36.4,40.45,0,0.192,-0.966,0.0039,3
01/15/2021,DJX210115C00345000,0.01,-0.115,0,0.13,200,0.1725,0.0109,0.0017,402,345.000,DJX210115P00345000,0,0,41.3,45.65,0,0.2178,-0.9641,0.0036,0
01/15/2021,DJX210115C00350000,0,0,0,0.18,0,0.1963,0.013,0.0017,200,350.000,DJX210115P00350000,0,0,46.3,50.4,0,0.2172,-0.9774,0.0024,0
01/15/2021,DJX210115C00355000,0.1,0,0,0.17,0,0.211,0.0117,0.0014,9,355.000,DJX210115P00355000,0,0,51.25,55.4,0,0.2291,-0.9813,0.002,0
01/15/2021,DJX210115C00360000,0,0,0,0.17,0,0.2265,0.0109,0.0013,0,360.000,DJX210115P00360000,0,0,56.25,60.4,0,0.246,-0.9822,0.0018,3
02/19/2021,DJX210219C00190000,0,0,109.1,113.25,0,0,0.9984,0.0001,0,190.000,DJX210219P00190000,0.3,0,0,0.27,0,0.4255,-0.0066,0.0003,50
02/19/2021,DJX210219C00195000,0,0,104.15,108.3,0,0,0.997,0.0002,0,195.000,DJX210219P00195000,0,0,0.01,0.31,0,0.4126,-0.008,0.0004,0
02/19/2021,DJX210219C00200000,0,0,99.2,103.3,0,0,0.9944,0.0003,0,200.000,DJX210219P00200000,0.65,0,0.04,0.37,0,0.4041,-0.0102,0.0005,10
02/19/2021,DJX210219C00205000,0,0,94.25,98.35,0,0.2917,0.9983,0.0001,0,205.000,DJX210219P00205000,0,0,0.08,0.46,0,0.3972,-0.0132,0.0006,0
02/19/2021,DJX210219C00210000,0,0,89.3,93.45,0,0.3247,0.9939,0.0004,0,210.000,DJX210219P00210000,0,0,0.13,0.56,0,0.3896,-0.0169,0.0008,0
02/19/2021,DJX210219C00215000,0,0,84.4,88.5,0,0.3301,0.9896,0.0006,0,215.000,DJX210219P00215000,0,0,0.18,0.64,0,0.3776,-0.0203,0.0009,0
02/19/2021,DJX210219C00220000,0,0,79.5,83.55,0,0.3266,0.9855,0.0008,0,220.000,DJX210219P00220000,0,0,0.26,0.74,0,0.3672,-0.0248,0.0012,0
02/19/2021,DJX210219C00225000,0,0,74.6,78.65,0,0.3231,0.98,0.0011,0,225.000,DJX210219P00225000,0,0,0.35,0.86,0,0.3565,-0.0301,0.0014,0
02/19/2021,DJX210219C00230000,0,0,69.75,73.8,0,0.3213,0.9723,0.0014,0,230.000,DJX210219P00230000,0,0,0.44,1,0,0.3449,-0.0361,0.0017,0
02/19/2021,DJX210219C00235000,0,0,64.95,68.9,0,0.3145,0.9644,0.0018,0,235.000,DJX210219P00235000,1.25,0,0.6,1.17,0,0.3354,-0.0443,0.002,5
02/19/2021,DJX210219C00240000,0,0,60.2,64.1,0,0.3104,0.9533,0.0023,0,240.000,DJX210219P00240000,1.55,0,0.78,1.37,0,0.3254,-0.0538,0.0024,20
02/19/2021,DJX210219C00245000,53.89,0,55.45,59.25,0,0.3006,0.9427,0.0028,1,245.000,DJX210219P00245000,1.83,0,0.96,1.61,0,0.314,-0.0645,0.0029,1
02/19/2021,DJX210219C00250000,0,0,50.8,54.5,0,0.2938,0.9279,0.0034,0,250.000,DJX210219P00250000,0,0,1.22,1.9,0,0.3041,-0.0782,0.0035,0
02/19/2021,DJX210219C00255000,0,0,46.2,49.8,0,0.286,0.9107,0.0041,0,255.000,DJX210219P00255000,0,0,1.54,2.24,0,0.294,-0.0946,0.0042,0
02/19/2021,DJX210219C00260000,0,0,41.65,45.1,0,0.276,0.8916,0.0049,0,260.000,DJX210219P00260000,0,0,1.93,2.65,0,0.2839,-0.1141,0.005,0
02/19/2021,DJX210219C00265000,0,0,37.25,40.5,0,0.2674,0.8674,0.0058,0,265.000,DJX210219P00265000,0,0,2.46,3.15,0,0.2749,-0.1383,0.0059,0
02/19/2021,DJX210219C00270000,0,0,32.95,36,0,0.2586,0.8388,0.0069,0,270.000,DJX210219P00270000,3.55,-0.35,2.99,3.75,5,0.2642,-0.1655,0.0069,6
02/19/2021,DJX210219C00275000,0,0,28.75,31.6,0,0.2489,0.8056,0.0081,0,275.000,DJX210219P00275000,4.46,0,3.65,4.45,0,0.2534,-0.1979,0.008,6
02/19/2021,DJX210219C00280000,0,0,25.3,27.25,0,0.2452,0.7618,0.0092,0,280.000,DJX210219P00280000,0,0,4.55,5.35,0,0.2445,-0.2375,0.0092,0
02/19/2021,DJX210219C00285000,18.15,0,21.3,23.25,0,0.2343,0.7171,0.0105,10,285.000,DJX210219P00285000,8.8,0,5.55,6.35,0,0.2337,-0.2824,0.0105,1
02/19/2021,DJX210219C00290000,0,0,17.6,19.35,0,0.2233,0.6651,0.0119,0,290.000,DJX210219P00290000,7.7,-0.575,6.75,7.65,6,0.2238,-0.335,0.0119,15
02/19/2021,DJX210219C00295000,0,0,14.2,15.7,0,0.2129,0.6049,0.0132,0,295.000,DJX210219P00295000,10.53,0,8.3,9.15,0,0.2143,-0.3953,0.0131,1
02/19/2021,DJX210219C00300000,0,0,11.15,12.4,0,0.2035,0.5369,0.0142,0,300.000,DJX210219P00300000,13.05,0,9.95,11,0,0.2035,-0.4629,0.0142,3
02/19/2021,DJX210219C00305000,8.65,0.85,8.4,9.5,25,0.1943,0.4626,0.0149,5,305.000,DJX210219P00305000,13,-1.375,12.05,13.25,4,0.1943,-0.5372,0.0149,1
02/19/2021,DJX210219C00310000,6.03,0,6.1,7,0,0.1859,0.3844,0.015,6,310.000,DJX210219P00310000,0,0,14.45,16,0,0.1855,-0.6158,0.015,0
02/19/2021,DJX210219C00315000,4.41,0.435,4.2,5.05,5,0.1791,0.3069,0.0143,0,315.000,DJX210219P00315000,0,0,17.3,19.15,0,0.177,-0.6953,0.0144,0
02/19/2021,DJX210219C00320000,0,0,2.78,3.55,0,0.1738,0.2354,0.0129,0,320.000,DJX210219P00320000,0,0,20.85,22.7,0,0.1718,-0.7673,0.013,0
02/19/2021,DJX210219C00325000,1.62,0,1.76,2.5,0,0.1707,0.1749,0.011,5,325.000,DJX210219P00325000,0,0,24.35,27.55,0,0.1743,-0.8196,0.011,0
02/19/2021,DJX210219C00330000,0,0,1.1,1.77,0,0.1698,0.1276,0.009,0,330.000,DJX210219P00330000,0,0,28.45,32,0,0.1731,-0.8673,0.009,0
02/19/2021,DJX210219C00335000,0,0,0.69,1.27,0,0.1707,0.0926,0.0071,0,335.000,DJX210219P00335000,0,0,32.9,36.65,0,0.175,-0.9014,0.0072,0
02/19/2021,DJX210219C00340000,0,0,0.42,0.89,0,0.1712,0.0655,0.0054,0,340.000,DJX210219P00340000,0,0,37.5,41.45,0,0.1783,-0.926,0.0057,0
02/19/2021,DJX210219C00345000,0,0,0.24,0.61,0,0.1716,0.0451,0.004,0,345.000,DJX210219P00345000,0,0,42.25,46.25,0,0.181,-0.9452,0.0045,0
02/19/2021,DJX210219C00350000,0,0,0.13,0.41,0,0.1718,0.0303,0.0029,0,350.000,DJX210219P00350000,0,0,47.1,51.15,0,0.1867,-0.9571,0.0035,0
02/19/2021,DJX210219C00355000,0,0,0.05,0.3,0,0.1728,0.0205,0.0021,0,355.000,DJX210219P00355000,0,0,52,56.05,0,0.1918,-0.9665,0.0028,0
02/19/2021,DJX210219C00360000,0,0,0,0.25,0,0.1765,0.0149,0.0016,0,360.000,DJX210219P00360000,0,0,56.9,61,0,0.1969,-0.9736,0.0022,0
03/19/2021,DJX210319C00190000,0,0,108.75,112.9,0,0,0.9925,0.0003,214,190.000,DJX210319P00190000,0.78,0,0.09,0.48,0,0.4007,-0.0119,0.0005,127
03/19/2021,DJX210319C00195000,0,0,103.85,108,0,0.3225,0.9952,0.0003,0,195.000,DJX210319P00195000,0.83,0,0.13,0.59,0,0.3941,-0.015,0.0006,27
03/19/2021,DJX210319C00200000,0,0,98.9,103.05,0,0.3231,0.9927,0.0004,2,200.000,DJX210319P00200000,0.49,0.015,0.19,0.7,7,0.3864,-0.0185,0.0007,545
03/19/2021,DJX210319C00205000,0,0,94,98.15,0,0.3302,0.9881,0.0006,0,205.000,DJX210319P00205000,0,0,0.27,0.8,0,0.3768,-0.0222,0.0009,34
03/19/2021,DJX210319C00210000,0,0,89.15,93.25,0,0.3325,0.9827,0.0008,1,210.000,DJX210319P00210000,0.82,0,0.35,0.93,0,0.3675,-0.0266,0.001,1031
03/19/2021,DJX210319C00215000,0,0,84.25,88.35,0,0.3265,0.978,0.001,1,215.000,DJX210319P00215000,0,0,0.45,1.07,0,0.358,-0.0317,0.0012,187
03/19/2021,DJX210319C00220000,0,0,79.45,83.5,0,0.325,0.9706,0.0013,0,220.000,DJX210319P00220000,1.52,0,0.58,1.23,0,0.3487,-0.0377,0.0015,123
03/19/2021,DJX210319C00225000,0,0,74.65,78.65,0,0.3196,0.9631,0.0016,0,225.000,DJX210319P00225000,0,0,0.74,1.42,0,0.3398,-0.045,0.0017,39
03/19/2021,DJX210319C00230000,0,0,69.9,73.85,0,0.3147,0.9538,0.0019,2115,230.000,DJX210319P00230000,1.7,0,0.93,1.64,0,0.3309,-0.0535,0.0021,2182
03/19/2021,DJX210319C00235000,0,0,65.15,69.05,0,0.307,0.9441,0.0023,30,235.000,DJX210319P00235000,0,0,1.5,1.91,0,0.3306,-0.068,0.0025,29
03/19/2021,DJX210319C00240000,0,0,60.5,64.3,0,0.3008,0.9317,0.0027,502,240.000,DJX210319P00240000,1.8,-0.36,1.39,2.2,11,0.3124,-0.0748,0.0028,1571
03/19/2021,DJX210319C00241000,0,0,59.55,63.4,0,0.2999,0.9287,0.0028,0,241.000,DJX210319P00241000,0,0,1.45,2.27,0,0.3108,-0.0774,0.0029,0
03/19/2021,DJX210319C00242000,0,0,58.65,62.45,0,0.2989,0.9258,0.0029,0,242.000,DJX210319P00242000,0,0,1.52,2.33,0,0.3091,-0.0801,0.003,0
03/19/2021,DJX210319C00243000,0,0,57.7,61.5,0,0.2967,0.9234,0.003,0,243.000,DJX210319P00243000,0,0,1.59,2.4,0,0.3074,-0.0829,0.0031,0
03/19/2021,DJX210319C00244000,0,0,56.8,60.55,0,0.2955,0.9204,0.0031,0,244.000,DJX210319P00244000,0,0,1.64,2.48,0,0.3055,-0.0856,0.0032,0
03/19/2021,DJX210319C00245000,0,0,55.9,59.6,0,0.2941,0.9173,0.0032,0,245.000,DJX210319P00245000,0,0,1.71,2.55,0,0.3037,-0.0885,0.0033,73
03/19/2021,DJX210319C00246000,0,0,54.95,58.7,0,0.2927,0.9143,0.0033,0,246.000,DJX210319P00246000,0,0,1.78,2.63,0,0.302,-0.0915,0.0034,0
03/19/2021,DJX210319C00247000,0,0,54.05,57.75,0,0.2911,0.9112,0.0034,0,247.000,DJX210319P00247000,0,0,1.86,2.71,0,0.3004,-0.0947,0.0035,0
03/19/2021,DJX210319C00248000,0,0,53.15,56.8,0,0.2894,0.908,0.0035,0,248.000,DJX210319P00248000,0,0,1.97,2.79,0,0.2993,-0.0982,0.0036,0
03/19/2021,DJX210319C00249000,0,0,52.25,55.9,0,0.2886,0.9042,0.0037,0,249.000,DJX210319P00249000,0,0,2.05,2.87,0,0.2974,-0.1014,0.0037,0
03/19/2021,DJX210319C00250000,49.83,0,51.35,54.95,0,0.2867,0.901,0.0038,106,250.000,DJX210319P00250000,3,0,2.1,2.95,0,0.295,-0.1044,0.0038,1852
03/19/2021,DJX210319C00251000,0,0,50.45,54.05,0,0.2856,0.8971,0.0039,0,251.000,DJX210319P00251000,0,0,2.18,3.05,0,0.2934,-0.108,0.0039,0
03/19/2021,DJX210319C00252000,0,0,49.55,53.1,0,0.2836,0.8938,0.004,0,252.000,DJX210319P00252000,0,0,2.27,3.15,0,0.2918,-0.1117,0.0041,0
03/19/2021,DJX210319C00253000,0,0,48.65,52.2,0,0.2823,0.8899,0.0041,0,253.000,DJX210319P00253000,0,0,2.4,3.25,0,0.2908,-0.1159,0.0042,0
03/19/2021,DJX210319C00254000,0,0,47.6,51.3,0,0.2784,0.8877,0.0043,0,254.000,DJX210319P00254000,3.25,0,2.51,3.35,0,0.2894,-0.1199,0.0043,31
03/19/2021,DJX210319C00255000,0,0,46.9,50.35,0,0.2793,0.8819,0.0044,0,255.000,DJX210319P00255000,4.3,0,2.6,3.45,0,0.2875,-0.1238,0.0044,90
03/19/2021,DJX210319C00256000,0,0,46,49.45,0,0.2778,0.8778,0.0045,0,256.000,DJX210319P00256000,3.29,-0.185,2.71,3.5,1,0.285,-0.1273,0.0046,0
03/19/2021,DJX210319C00257000,0,0,45.45,48.55,0,0.2812,0.8698,0.0047,0,257.000,DJX210319P00257000,0,0,2.81,3.6,0,0.2832,-0.1314,0.0047,0
03/19/2021,DJX210319C00258000,0,0,44.55,47.65,0,0.2792,0.8657,0.0048,0,258.000,DJX210319P00258000,0,0,2.91,3.75,0,0.2819,-0.136,0.0048,0
03/19/2021,DJX210319C00259000,0,0,43.7,46.75,0,0.2779,0.861,0.005,0,259.000,DJX210319P00259000,0,0,2.96,3.85,0,0.2791,-0.1396,0.005,0
03/19/2021,DJX210319C00260000,0,0,42.5,45.85,0,0.2716,0.86,0.0051,82,260.000,DJX210319P00260000,4.5,0,3.05,4,0,0.2775,-0.1443,0.0051,65
03/19/2021,DJX210319C00261000,0,0,41.95,44.95,0,0.2742,0.8519,0.0052,0,261.000,DJX210319P00261000,0,0,3.2,4.1,0,0.276,-0.1491,0.0052,0
03/19/2021,DJX210319C00262000,0,0,40.8,44.05,0,0.2685,0.8502,0.0054,0,262.000,DJX210319P00262000,0,0,3.45,4.2,0,0.2755,-0.1549,0.0054,0
03/19/2021,DJX210319C00263000,0,0,39.9,43.15,0,0.2662,0.8457,0.0056,0,263.000,DJX210319P00263000,0,0,3.4,4.35,0,0.2718,-0.1583,0.0055,0
03/19/2021,DJX210319C00264000,0,0,39.4,42.25,0,0.2689,0.8372,0.0057,0,264.000,DJX210319P00264000,0,0,3.55,4.5,0,0.2706,-0.1638,0.0057,0
03/19/2021,DJX210319C00265000,0,0,38.55,41.4,0,0.2676,0.8317,0.0059,0,265.000,DJX210319P00265000,5,0,3.7,4.6,0,0.2686,-0.1689,0.0058,58
03/19/2021,DJX210319C00266000,0,0,37.4,40.5,0,0.2618,0.8294,0.006,0,266.000,DJX210319P00266000,0,0,3.8,4.75,0,0.2665,-0.174,0.006,0
03/19/2021,DJX210319C00267000,0,0,36.55,39.65,0,0.2603,0.8237,0.0062,0,267.000,DJX210319P00267000,0,0,3.95,4.9,0,0.2649,-0.1796,0.0062,0
03/19/2021,DJX210319C00268000,0,0,36,38.75,0,0.2616,0.8156,0.0063,0,268.000,DJX210319P00268000,0,0,4.1,5.05,0,0.2632,-0.1854,0.0063,0
03/19/2021,DJX210319C00269000,0,0,34.9,37.9,0,0.257,0.812,0.0065,0,269.000,DJX210319P00269000,0,0,4.25,5.2,0,0.2614,-0.1912,0.0065,1
03/19/2021,DJX210319C00270000,0,0,34.05,37.05,0,0.2552,0.806,0.0067,8,270.000,DJX210319P00270000,4.8,-0.675,4.4,5.35,1,0.2595,-0.197,0.0067,55
03/19/2021,DJX210319C00271000,0,0,33.25,35.95,0,0.251,0.8018,0.0069,0,271.000,DJX210319P00271000,0,0,4.55,5.5,0,0.2575,-0.203,0.0068,0
03/19/2021,DJX210319C00272000,0,0,32.8,35.1,0,0.2533,0.7922,0.007,0,272.000,DJX210319P00272000,0,0,4.75,5.7,0,0.2564,-0.2099,0.007,0
03/19/2021,DJX210319C00273000,0,0,32,34.25,0,0.2517,0.7856,0.0072,0,273.000,DJX210319P00273000,0,0,4.9,5.85,0,0.2542,-0.2161,0.0072,0
03/19/2021,DJX210319C00274000,0,0,31.15,33.45,0,0.2499,0.7789,0.0074,0,274.000,DJX210319P00274000,0,0,5.05,6.05,0,0.2524,-0.2227,0.0074,6
03/19/2021,DJX210319C00275000,0,0,30.3,32.6,0,0.2475,0.7725,0.0076,4,275.000,DJX210319P00275000,0,0,5.25,6.2,0,0.2504,-0.2294,0.0076,102
03/19/2021,DJX210319C00276000,0,0,29.55,31.8,0,0.2464,0.7649,0.0078,0,276.000,DJX210319P00276000,0,0,5.45,6.4,0,0.2489,-0.2367,0.0077,5
03/19/2021,DJX210319C00277000,0,0,28.75,31,0,0.2448,0.7575,0.008,0,277.000,DJX210319P00277000,0,0,5.6,6.6,0,0.2467,-0.2436,0.0079,0
03/19/2021,DJX210319C00278000,0,0,27.95,30.2,0,0.2431,0.75,0.0081,0,278.000,DJX210319P00278000,0,0,5.8,6.8,0,0.2449,-0.251,0.0081,0
03/19/2021,DJX210319C00279000,0,0,27.2,29.45,0,0.2421,0.7418,0.0083,0,279.000,DJX210319P00279000,0,0,6,7,0,0.243,-0.2586,0.0083,0
03/19/2021,DJX210319C00280000,21.45,0,26.45,28.65,0,0.2406,0.7338,0.0085,54,280.000,DJX210319P00280000,8.75,0,6.25,7.25,0,0.2419,-0.2669,0.0085,445
03/19/2021,DJX210319C00281000,0,0,25.65,27.85,0,0.2385,0.726,0.0087,0,281.000,DJX210319P00281000,0,0,6.45,7.45,0,0.2398,-0.2746,0.0087,0
03/19/2021,DJX210319C00282000,0,0,24.9,27.1,0,0.2371,0.7174,0.0089,0,282.000,DJX210319P00282000,7.6,0,6.65,7.7,0,0.238,-0.2828,0.0089,10
03/19/2021,DJX210319C00283000,0,0,24.15,26.3,0,0.2352,0.7091,0.0091,0,283.000,DJX210319P00283000,0,0,6.9,7.9,0,0.236,-0.2911,0.0091,0
03/19/2021,DJX210319C00284000,0,0,23.45,25.5,0,0.2336,0.7004,0.0093,0,284.000,DJX210319P00284000,0,0,7.15,8.15,0,0.2344,-0.2999,0.0092,0
03/19/2021,DJX210319C00285000,0,0,22.7,24.75,0,0.2318,0.6915,0.0095,310,285.000,DJX210319P00285000,9.13,0,7.4,8.4,0,0.2326,-0.3087,0.0094,1262
03/19/2021,DJX210319C00286000,0,0,22,23.95,0,0.2299,0.6825,0.0097,0,286.000,DJX210319P00286000,0,0,7.65,8.65,0,0.2307,-0.3177,0.0096,4
03/19/2021,DJX210319C00287000,0,0,21.25,23.15,0,0.2274,0.6735,0.0099,1,287.000,DJX210319P00287000,0,0,7.9,8.95,0,0.2291,-0.3271,0.0098,0
03/19/2021,DJX210319C00288000,0,0,20.55,22.45,0,0.2261,0.6637,0.0101,0,288.000,DJX210319P00288000,0,0,8.15,9.2,0,0.2269,-0.3364,0.01,4
03/19/2021,DJX210319C00289000,0,0,19.85,21.75,0,0.2247,0.6538,0.0102,0,289.000,DJX210319P00289000,12.85,0,8.4,9.5,0,0.225,-0.3461,0.0102,0
03/19/2021,DJX210319C00290000,0,0,19.2,21,0,0.223,0.6438,0.0104,106,290.000,DJX210319P00290000,0,0,8.7,9.8,0,0.2234,-0.3561,0.0104,3
03/19/2021,DJX210319C00291000,0,0,18.5,20.25,0,0.2209,0.6338,0.0106,0,291.000,DJX210319P00291000,0,0,9,10.1,0,0.2216,-0.3662,0.0106,1
03/19/2021,DJX210319C00292000,14.3,0,17.85,19.6,0,0.2198,0.6232,0.0108,2,292.000,DJX210319P00292000,0,0,9.35,10.45,0,0.2205,-0.3768,0.0107,0
03/19/2021,DJX210319C00293000,0,0,17.15,18.85,0,0.2173,0.6128,0.011,0,293.000,DJX210319P00293000,0,0,9.6,10.75,0,0.218,-0.3872,0.0109,0
03/19/2021,DJX210319C00294000,0,0,16.5,18.15,0,0.2154,0.6019,0.0112,0,294.000,DJX210319P00294000,0,0,9.9,11.1,0,0.2162,-0.398,0.0111,1
03/19/2021,DJX210319C00295000,17.15,0,15.85,17.5,0,0.2139,0.5908,0.0113,382,295.000,DJX210319P00295000,10.95,-1.15,10.25,11.4,10,0.2142,-0.409,0.0113,49
03/19/2021,DJX210319C00296000,0,0,15.25,16.8,0,0.2121,0.5795,0.0115,0,296.000,DJX210319P00296000,0,0,10.6,11.8,0,0.2129,-0.4204,0.0115,0
03/19/2021,DJX210319C00297000,0,0,14.6,16.15,0,0.2102,0.568,0.0117,0,297.000,DJX210319P00297000,13,0,10.95,12.15,0,0.211,-0.4318,0.0116,1
03/19/2021,DJX210319C00298000,0,0,14,15.5,0,0.2085,0.5563,0.0118,0,298.000,DJX210319P00298000,14.1,0,11.35,12.55,0,0.2097,-0.4435,0.0117,1
03/19/2021,DJX210319C00299000,0,0,13.4,14.85,0,0.2066,0.5444,0.012,0,299.000,DJX210319P00299000,0,0,11.65,12.9,0,0.207,-0.4554,0.0119,0
03/19/2021,DJX210319C00300000,10.2,0,12.85,14.25,0,0.2054,0.5323,0.0121,157,300.000,DJX210319P00300000,12.8,-1.325,12.05,13.3,10,0.2054,-0.4675,0.0121,79
03/19/2021,DJX210319C00305000,9.5,0,10.05,11.35,0,0.1966,0.469,0.0126,28,305.000,DJX210319P00305000,0,0,14.1,15.55,0,0.1966,-0.5308,0.0126,3
03/19/2021,DJX210319C00310000,7.3,0,7.65,8.8,0,0.1888,0.4025,0.0128,202,310.000,DJX210319P00310000,0,0,16.7,18.2,0,0.1904,-0.5961,0.0127,3
03/19/2021,DJX210319C00315000,5.56,0,5.65,6.7,0,0.1824,0.3359,0.0125,1048,315.000,DJX210319P00315000,0,0,19.45,21.3,0,0.1837,-0.6625,0.0124,0
03/19/2021,DJX210319C00320000,4.3,0.35,4,5.05,10,0.1771,0.2723,0.0117,1,320.000,DJX210319P00320000,25.95,0,22.55,24.7,0,0.1767,-0.7279,0.0117,72
03/19/2021,DJX210319C00325000,2.74,0,2.74,3.75,0,0.173,0.2146,0.0105,4,325.000,DJX210319P00325000,0,0,25.9,29,0,0.1748,-0.7824,0.0105,0
03/19/2021,DJX210319C00330000,0,0,1.84,2.76,0,0.1703,0.1653,0.0091,186,330.000,DJX210319P00330000,0,0,29.8,33.25,0,0.173,-0.8303,0.0091,0
03/19/2021,DJX210319C00335000,0,0,1.23,2.04,0,0.1692,0.1258,0.0076,4,335.000,DJX210319P00335000,0,0,34,37.7,0,0.1722,-0.8694,0.0077,0
03/19/2021,DJX210319C00340000,0,0,0.81,1.53,0,0.1694,0.0953,0.0062,3,340.000,DJX210319P00340000,0,0,38.45,42.35,0,0.1736,-0.8987,0.0064,0
03/19/2021,DJX210319C00345000,0,0,0.54,1.13,0,0.1699,0.0713,0.005,1,345.000,DJX210319P00345000,0,0,43.05,47.05,0,0.1745,-0.9227,0.0052,0
03/19/2021,DJX210319C00350000,0.6,0,0.35,0.84,0,0.1709,0.0532,0.004,207,350.000,DJX210319P00350000,0,0,47.8,51.85,0,0.1774,-0.9395,0.0042,0
03/19/2021,DJX210319C00355000,0,0,0.22,0.61,0,0.1713,0.0387,0.0031,0,355.000,DJX210319P00355000,0,0,52.6,56.7,0,0.18,-0.953,0.0034,0
03/19/2021,DJX210319C00360000,0,0,0.13,0.48,0,0.1738,0.0294,0.0024,1,360.000,DJX210319P00360000,0,0,57.5,61.6,0,0.185,-0.9614,0.0028,0
06/18/2021,DJX210618C00185000,0,0,112.7,117.2,0,0.3223,0.9843,0.0005,55,185.000,DJX210618P00185000,0,0,0.5,1.29,0,0.3668,-0.0266,0.0008,44
06/18/2021,DJX210618C00190000,0,0,107.9,112.35,0,0.3244,0.9788,0.0007,259,190.000,DJX210618P00190000,1.2,0,0.5,1.47,0,0.3555,-0.0298,0.0009,207
06/18/2021,DJX210618C00195000,0,0,103.05,107.55,0,0.3221,0.9735,0.0009,3,195.000,DJX210618P00195000,2,0,0.62,1.67,0,0.348,-0.0346,0.001,560
06/18/2021,DJX210618C00200000,0,0,98.3,102.75,0,0.3207,0.9668,0.001,46,200.000,DJX210618P00200000,0,0,1.1,1.9,0,0.3494,-0.0435,0.0012,888
06/18/2021,DJX210618C00205000,0,0,93.55,98,0,0.3179,0.9595,0.0012,1,205.000,DJX210618P00205000,0,0,0.97,2.15,0,0.3345,-0.0469,0.0013,2
06/18/2021,DJX210618C00210000,0,0,88.8,93.25,0,0.3129,0.9519,0.0014,4,210.000,DJX210618P00210000,2.15,0,1.2,2.43,0,0.3278,-0.0543,0.0015,314
06/18/2021,DJX210618C00215000,0,0,84.15,88.5,0,0.3084,0.9431,0.0017,0,215.000,DJX210618P00215000,0,0,1.43,2.74,0,0.3205,-0.0624,0.0018,2
06/18/2021,DJX210618C00220000,0,0,79.5,83.85,0,0.3039,0.933,0.0019,0,220.000,DJX210618P00220000,0,0,1.77,3.1,0,0.3147,-0.0723,0.002,25
06/18/2021,DJX210618C00225000,0,0,74.9,79.2,0,0.2984,0.9221,0.0022,0,225.000,DJX210618P00225000,0,0,2.13,3.5,0,0.3084,-0.0831,0.0023,6
06/18/2021,DJX210618C00230000,0,0,70.4,74.6,0,0.2936,0.9094,0.0025,10,230.000,DJX210618P00230000,0,0,2.54,3.9,0,0.3014,-0.0949,0.0026,122
06/18/2021,DJX210618C00235000,0,0,65.9,70.05,0,0.2878,0.8958,0.0029,4,235.000,DJX210618P00235000,0,0,2.98,4.45,0,0.2954,-0.1086,0.0029,16
06/18/2021,DJX210618C00240000,0,0,61.5,65.5,0,0.2816,0.8808,0.0032,3,240.000,DJX210618P00240000,0,0,3.45,4.95,0,0.2877,-0.1228,0.0032,896
06/18/2021,DJX210618C00245000,0,0,57.15,61.05,0,0.2756,0.8639,0.0036,2,245.000,DJX210618P00245000,0,0,4.05,5.55,0,0.2812,-0.1395,0.0036,83
06/18/2021,DJX210618C00250000,0,0,52.9,56.7,0,0.27,0.8449,0.004,7,250.000,DJX210618P00250000,6.15,0,4.65,6.25,0,0.2743,-0.1577,0.004,1088
06/18/2021,DJX210618C00255000,0,0,48.7,52.35,0,0.2633,0.8245,0.0045,3,255.000,DJX210618P00255000,0,0,5.4,7,0,0.2677,-0.1781,0.0044,606
06/18/2021,DJX210618C00260000,0,0,45.15,48.15,0,0.2616,0.7984,0.0049,465,260.000,DJX210618P00260000,8.35,0,6.25,7.8,0,0.2609,-0.2005,0.0049,423
06/18/2021,DJX210618C00265000,0,0,41,44,0,0.2536,0.7745,0.0054,478,265.000,DJX210618P00265000,0,0,7.05,8.7,0,0.253,-0.2245,0.0054,411
06/18/2021,DJX210618C00270000,0,0,37.05,39.85,0,0.2456,0.7481,0.0059,98,270.000,DJX210618P00270000,0,0,8.05,9.75,0,0.2461,-0.2517,0.0059,10
06/18/2021,DJX210618C00275000,0,0,33.2,36,0,0.2388,0.7181,0.0065,101,275.000,DJX210618P00275000,0,0,9.15,10.9,0,0.239,-0.2814,0.0065,10
06/18/2021,DJX210618C00276000,0,0,32.45,35.25,0,0.2375,0.7118,0.0066,0,276.000,DJX210618P00276000,0,0,9.4,11.15,0,0.2377,-0.2878,0.0066,6
06/18/2021,DJX210618C00277000,0,0,31.7,34.4,0,0.2355,0.7057,0.0067,0,277.000,DJX210618P00277000,0,0,9.65,11.4,0,0.2363,-0.2942,0.0067,7
06/18/2021,DJX210618C00278000,0,0,30.95,33.7,0,0.2344,0.6991,0.0068,423,278.000,DJX210618P00278000,0,0,9.9,11.7,0,0.2352,-0.3008,0.0068,10
06/18/2021,DJX210618C00279000,0,0,30.25,32.95,0,0.2332,0.6923,0.0069,0,279.000,DJX210618P00279000,0,0,10.1,11.95,0,0.2333,-0.3072,0.0069,1
06/18/2021,DJX210618C00280000,0,0,29.5,32.2,0,0.2316,0.6857,0.007,254,280.000,DJX210618P00280000,0,0,10.4,12.2,0,0.2321,-0.314,0.007,32
06/18/2021,DJX210618C00281000,0,0,28.75,31.5,0,0.2302,0.6788,0.0071,0,281.000,DJX210618P00281000,0,0,10.65,12.45,0,0.2304,-0.3208,0.0071,5
06/18/2021,DJX210618C00282000,0,0,28.05,30.7,0,0.2285,0.6719,0.0072,0,282.000,DJX210618P00282000,0,0,10.9,12.75,0,0.229,-0.3278,0.0072,4
06/18/2021,DJX210618C00283000,0,0,27.35,30,0,0.2273,0.6647,0.0073,0,283.000,DJX210618P00283000,0,0,11.2,13.05,0,0.2278,-0.335,0.0073,0
06/18/2021,DJX210618C00284000,0,0,26.65,29.25,0,0.2257,0.6576,0.0074,0,284.000,DJX210618P00284000,0,0,11.45,13.35,0,0.2262,-0.3421,0.0074,0
06/18/2021,DJX210618C00285000,0,0,25.95,28.55,0,0.2244,0.6502,0.0075,183,285.000,DJX210618P00285000,13.5,0,11.75,13.65,0,0.2249,-0.3495,0.0075,500
06/18/2021,DJX210618C00286000,0,0,25.3,27.8,0,0.2229,0.6427,0.0076,0,286.000,DJX210618P00286000,0,0,12.05,13.95,0,0.2235,-0.3569,0.0076,0
06/18/2021,DJX210618C00287000,0,0,24.6,27.05,0,0.2211,0.6353,0.0078,0,287.000,DJX210618P00287000,14.8,0,12.4,14.25,0,0.2223,-0.3645,0.0077,18
06/18/2021,DJX210618C00288000,0,0,23.95,26.45,0,0.2205,0.6274,0.0078,0,288.000,DJX210618P00288000,0,0,12.65,14.6,0,0.2207,-0.3722,0.0078,2
06/18/2021,DJX210618C00289000,0,0,23.3,25.75,0,0.2191,0.6195,0.0079,0,289.000,DJX210618P00289000,0,0,13,14.9,0,0.2193,-0.38,0.0079,0
06/18/2021,DJX210618C00290000,0,0,22.6,25.1,0,0.2176,0.6116,0.008,7,290.000,DJX210618P00290000,0,0,13.3,15.25,0,0.2179,-0.3879,0.008,1
06/18/2021,DJX210618C00291000,0,0,21.95,24.4,0,0.2161,0.6036,0.0081,0,291.000,DJX210618P00291000,15.6,0,13.6,15.6,0,0.2163,-0.3959,0.0081,6
06/18/2021,DJX210618C00292000,0,0,21.35,23.75,0,0.2151,0.5953,0.0082,1,292.000,DJX210618P00292000,0,0,13.95,15.95,0,0.215,-0.4041,0.0082,0
06/18/2021,DJX210618C00293000,0,0,20.7,23.1,0,0.2136,0.5871,0.0083,0,293.000,DJX210618P00293000,0,0,14.3,16.3,0,0.2136,-0.4124,0.0083,0
06/18/2021,DJX210618C00294000,0,0,20.05,22.45,0,0.2121,0.5787,0.0084,0,294.000,DJX210618P00294000,0,0,14.6,16.7,0,0.2121,-0.4208,0.0084,0
06/18/2021,DJX210618C00295000,0,0,19.45,21.8,0,0.2108,0.5701,0.0085,74,295.000,DJX210618P00295000,20,0,15,17.05,0,0.2108,-0.4293,0.0085,6
06/18/2021,DJX210618C00300000,16.53,0,16.45,18.7,0,0.2038,0.5258,0.0089,47,300.000,DJX210618P00300000,19.25,0,16.9,19.05,0,0.2038,-0.4736,0.0089,25
06/18/2021,DJX210618C00305000,0,0,13.7,15.85,0,0.1972,0.479,0.0092,5,305.000,DJX210618P00305000,0,0,19,21.35,0,0.1972,-0.5205,0.0092,30
06/18/2021,DJX210618C00310000,11.45,0,11.2,13.3,0,0.1911,0.4304,0.0094,2,310.000,DJX210618P00310000,0,0,21.35,23.8,0,0.1902,-0.5696,0.0094,0
06/18/2021,DJX210618C00315000,9.75,0.725,8.95,10.95,1,0.1848,0.3804,0.0094,4,315.000,DJX210618P00315000,30.85,0,24,26.6,0,0.1843,-0.6196,0.0094,3
06/18/2021,DJX210618C00320000,0,0,7,8.95,0,0.1794,0.3308,0.0092,15,320.000,DJX210618P00320000,34.2,0,27,29.65,0,0.1789,-0.6693,0.0093,3
06/18/2021,DJX210618C00325000,0,0,5.3,7.25,0,0.1743,0.2823,0.0089,6,325.000,DJX210618P00325000,0,0,30.15,32.95,0,0.1728,-0.7192,0.0089,0
06/18/2021,DJX210618C00330000,0,0,3.95,5.75,0,0.1698,0.2364,0.0083,127,330.000,DJX210618P00330000,0,0,33.8,36.55,0,0.1689,-0.7644,0.0083,0
06/18/2021,DJX210618C00335000,0,0,2.83,4.6,0,0.1662,0.195,0.0076,1,335.000,DJX210618P00335000,0,0,37.15,40.85,0,0.1646,-0.8071,0.0076,0
06/18/2021,DJX210618C00340000,0,0,2,3.65,0,0.1635,0.1586,0.0068,12,340.000,DJX210618P00340000,0,0,41.15,45.35,0,0.1643,-0.8394,0.0068,6
06/18/2021,DJX210618C00345000,2.15,0,1.4,2.9,0,0.1617,0.128,0.0059,126,345.000,DJX210618P00345000,0,0,45.4,49.7,0,0.1623,-0.8706,0.0059,96
06/18/2021,DJX210618C00350000,0,0,0.97,2.23,0,0.1597,0.1012,0.0051,1,350.000,DJX210618P00350000,0,0,49.85,54.25,0,0.1617,-0.8952,0.0051,0
06/18/2021,DJX210618C00355000,1.15,0,0.67,1.72,0,0.1585,0.0795,0.0043,2,355.000,DJX210618P00355000,0,0,54.45,58.85,0,0.1611,-0.9162,0.0043,0
06/18/2021,DJX210618C00360000,0.87,0,0.46,1.34,0,0.1581,0.0626,0.0036,3,360.000,DJX210618P00360000,0,0,59.15,63.55,0,0.1612,-0.9329,0.0037,0
09/17/2021,DJX210917C00190000,0,0,106.3,113.5,0,0.3132,0.9608,0.001,30,190.000,DJX210917P00190000,0,0,1.2,2.59,0,0.3334,-0.0465,0.0011,0
09/17/2021,DJX210917C00195000,0,0,101.6,108.8,0,0.3103,0.9536,0.0012,0,195.000,DJX210917P00195000,0,0,1.42,2.91,0,0.3272,-0.053,0.0012,0
09/17/2021,DJX210917C00200000,0,0,96.95,104.1,0,0.3066,0.9458,0.0013,1,200.000,DJX210917P00200000,0,0,1.7,3.2,0,0.3206,-0.06,0.0014,0
09/17/2021,DJX210917C00205000,0,0,92.35,99.45,0,0.303,0.937,0.0015,0,205.000,DJX210917P00205000,0,0,1.98,3.65,0,0.3154,-0.0684,0.0016,0
09/17/2021,DJX210917C00210000,0,0,87.75,94.85,0,0.2988,0.9276,0.0017,0,210.000,DJX210917P00210000,0,0,2.34,4,0,0.3088,-0.077,0.0018,0
09/17/2021,DJX210917C00215000,0,0,83.2,90.25,0,0.2939,0.9174,0.0019,0,215.000,DJX210917P00215000,0,0,2.71,4.55,0,0.3039,-0.0875,0.002,0
09/17/2021,DJX210917C00220000,0,0,78.75,85.7,0,0.2895,0.9059,0.0022,0,220.000,DJX210917P00220000,4.45,-0.45,3.2,5.05,10,0.2986,-0.0988,0.0022,0
09/17/2021,DJX210917C00225000,0,0,74.3,81.15,0,0.2839,0.894,0.0024,0,225.000,DJX210917P00225000,0,0,3.65,5.65,0,0.2928,-0.1108,0.0024,0
09/17/2021,DJX210917C00230000,0,0,69.95,76.7,0,0.2791,0.8803,0.0027,0,230.000,DJX210917P00230000,5.95,0,4.2,6.25,0,0.287,-0.124,0.0027,30
09/17/2021,DJX210917C00235000,0,0,65.65,72.3,0,0.2741,0.8655,0.003,0,235.000,DJX210917P00235000,0,0,4.8,6.95,0,0.2814,-0.1386,0.003,0
09/17/2021,DJX210917C00240000,0,0,61.4,67.9,0,0.2684,0.8498,0.0033,0,240.000,DJX210917P00240000,7.05,0,5.45,7.7,0,0.2757,-0.1543,0.0033,16
09/17/2021,DJX210917C00245000,0,0,57.25,63.6,0,0.2631,0.8323,0.0036,0,245.000,DJX210917P00245000,0,0,6.15,8.5,0,0.2696,-0.1713,0.0036,0
09/17/2021,DJX210917C00250000,0,0,53.2,59.4,0,0.2581,0.8131,0.0039,0,250.000,DJX210917P00250000,0,0,6.95,9.4,0,0.2639,-0.19,0.0039,10
09/17/2021,DJX210917C00255000,0,0,50.75,54.5,0,0.2579,0.7891,0.0042,0,255.000,DJX210917P00255000,0,0,7.85,10.35,0,0.2581,-0.2102,0.0042,10
09/17/2021,DJX210917C00260000,0,0,46.7,50.5,0,0.2516,0.7675,0.0046,0,260.000,DJX210917P00260000,0,0,8.8,11.35,0,0.2518,-0.2318,0.0046,0
09/17/2021,DJX210917C00265000,0,0,42.8,46.6,0,0.2457,0.744,0.0049,0,265.000,DJX210917P00265000,11.95,0,9.9,12.45,0,0.2459,-0.2554,0.0049,1
09/17/2021,DJX210917C00270000,0,0,39,42.8,0,0.2397,0.7186,0.0053,0,270.000,DJX210917P00270000,0,0,11,13.7,0,0.2397,-0.2806,0.0053,500
09/17/2021,DJX210917C00275000,0,0,35.3,39.1,0,0.2336,0.6913,0.0057,0,275.000,DJX210917P00275000,0,0,12.25,15,0,0.2334,-0.3077,0.0057,0
09/17/2021,DJX210917C00280000,0,0,31.75,35.45,0,0.2273,0.6622,0.0061,0,280.000,DJX210917P00280000,0,0,13.65,16.45,0,0.2274,-0.337,0.0061,0
09/17/2021,DJX210917C00285000,0,0,28.3,32,0,0.2213,0.6309,0.0064,0,285.000,DJX210917P00285000,19,0,15.15,18,0,0.2211,-0.3683,0.0064,2
09/17/2021,DJX210917C00290000,0,0,25,28.65,0,0.215,0.5976,0.0068,0,290.000,DJX210917P00290000,0,0,16.8,19.7,0,0.2149,-0.4016,0.0068,0
09/17/2021,DJX210917C00295000,0,0,21.9,25.45,0,0.209,0.5621,0.0071,0,295.000,DJX210917P00295000,0,0,18.65,21.55,0,0.209,-0.437,0.0071,0
09/17/2021,DJX210917C00300000,0,0,18.9,22.45,0,0.2028,0.5248,0.0074,500,300.000,DJX210917P00300000,0,0,20.6,23.6,0,0.2028,-0.4744,0.0074,0
09/17/2021,DJX210917C00305000,0,0,16.1,19.65,0,0.1969,0.4856,0.0077,0,305.000,DJX210917P00305000,0,0,22.7,25.85,0,0.1967,-0.5137,0.0077,0
09/17/2021,DJX210917C00310000,0,0,13.5,17.05,0,0.1911,0.4449,0.0078,0,310.000,DJX210917P00310000,0,0,25,28.25,0,0.1905,-0.5547,0.0078,0
09/17/2021,DJX210917C00315000,0,0,11.15,14.6,0,0.1853,0.403,0.0079,0,315.000,DJX210917P00315000,0,0,27.55,30.9,0,0.1847,-0.5967,0.0079,0
09/17/2021,DJX210917C00320000,9.6,0,9.1,12.4,0,0.1802,0.361,0.0079,50,320.000,DJX210917P00320000,0,0,30.35,33.8,0,0.1794,-0.6391,0.0079,0
09/17/2021,DJX210917C00325000,0,0,7.3,10.4,0,0.1752,0.3191,0.0077,0,325.000,DJX210917P00325000,0,0,33.45,36.9,0,0.1744,-0.6811,0.0077,0
09/17/2021,DJX210917C00330000,0,0,5.8,8.6,0,0.1708,0.2784,0.0074,0,330.000,DJX210917P00330000,0,0,36.9,40.3,0,0.1708,-0.7207,0.0074,0
09/17/2021,DJX210917C00335000,0,0,4.6,7.3,0,0.1687,0.2428,0.007,0,335.000,DJX210917P00335000,0,0,40.55,43.9,0,0.1672,-0.7587,0.007,0
09/17/2021,DJX210917C00340000,0,0,3.55,6.05,0,0.1657,0.208,0.0065,0,340.000,DJX210917P00340000,0,0,42.7,49.65,0,0.1655,-0.7915,0.0065,0
09/17/2021,DJX210917C00345000,0,0,2.62,4.95,0,0.1624,0.1749,0.006,0,345.000,DJX210917P00345000,0,0,46.65,53.8,0,0.1631,-0.823,0.006,0
09/17/2021,DJX210917C00350000,0,0,1.95,4,0,0.1597,0.1458,0.0054,0,350.000,DJX210917P00350000,0,0,50.8,58.1,0,0.1612,-0.8508,0.0054,0
09/17/2021,DJX210917C00355000,0,0,1.45,3.15,0,0.157,0.1195,0.0048,0,355.000,DJX210917P00355000,0,0,55.2,62.5,0,0.1602,-0.8743,0.0049,0
09/17/2021,DJX210917C00360000,0,0,1.07,2.61,0,0.1564,0.0996,0.0042,0,360.000,DJX210917P00360000,0,0,59.7,67,0,0.1592,-0.895,0.0043,0
12/17/2021,DJX211217C00155000,0,0,138.5,146.6,0,0.2298,0.997,0.0001,803,155.000,DJX211217P00155000,0,0,0.57,1.48,0,0.3525,-0.0227,0.0005,695
12/17/2021,DJX211217C00160000,0,0,133.7,141.85,0,0.2723,0.9903,0.0003,1300,160.000,DJX211217P00160000,1.6,0,0.69,1.69,0,0.3467,-0.0262,0.0006,52
12/17/2021,DJX211217C00165000,131.26,0,128.9,137.1,0,0.2842,0.9845,0.0004,503,165.000,DJX211217P00165000,0,0,0.82,1.92,0,0.3407,-0.0302,0.0007,15
12/17/2021,DJX211217C00170000,128.69,0,124.15,132.4,0,0.2917,0.9781,0.0006,552,170.000,DJX211217P00170000,0,0,0.98,2.18,0,0.3352,-0.0347,0.0008,161
12/17/2021,DJX211217C00175000,0,0,119.4,127.7,0,0.294,0.972,0.0007,1,175.000,DJX211217P00175000,2.7,0,1.17,2.46,0,0.3297,-0.0397,0.0009,852
12/17/2021,DJX211217C00180000,0,0,114.7,123.05,0,0.2955,0.9649,0.0008,471,180.000,DJX211217P00180000,0,0,1.36,2.78,0,0.324,-0.0452,0.001,419
12/17/2021,DJX211217C00185000,0,0,110.35,118.4,0,0.3008,0.9552,0.001,1,185.000,DJX211217P00185000,0,0,1.58,3.1,0,0.318,-0.0511,0.0011,11
12/17/2021,DJX211217C00190000,0,0,105.7,113.8,0,0.2988,0.9474,0.0012,103,190.000,DJX211217P00190000,0,0,1.85,3.45,0,0.3123,-0.0577,0.0012,605
12/17/2021,DJX211217C00195000,0,0,101.1,109.2,0,0.2959,0.9392,0.0013,0,195.000,DJX211217P00195000,0,0,2.23,3.85,0,0.308,-0.0657,0.0014,3
12/17/2021,DJX211217C00200000,0,0,96.55,104.6,0,0.2925,0.9304,0.0015,1055,200.000,DJX211217P00200000,0,0,2.53,4.4,0,0.3034,-0.0743,0.0015,152
12/17/2021,DJX211217C00205000,93.28,0,92.05,100.1,0,0.2895,0.9204,0.0017,9,205.000,DJX211217P00205000,0,0,3.5,4.9,0,0.3045,-0.0868,0.0017,23
12/17/2021,DJX211217C00210000,0,0,87.55,95.6,0,0.2853,0.9102,0.0019,15,210.000,DJX211217P00210000,0,0,3.45,5.3,0,0.2929,-0.0931,0.0019,259
12/17/2021,DJX211217C00215000,0,0,83.15,91.15,0,0.2815,0.8988,0.0021,34,215.000,DJX211217P00215000,0,0,3.95,5.9,0,0.2881,-0.1041,0.0021,42
12/17/2021,DJX211217C00220000,0,0,78.8,86.75,0,0.2776,0.8865,0.0023,98,220.000,DJX211217P00220000,7.2,0,4.5,6.7,0,0.2846,-0.1168,0.0023,600
12/17/2021,DJX211217C00225000,0,0,74.5,82.35,0,0.273,0.8735,0.0025,83,225.000,DJX211217P00225000,0,0,5.1,7.4,0,0.2796,-0.1296,0.0025,52
12/17/2021,DJX211217C00230000,0,0,70.25,78.05,0,0.2686,0.8593,0.0027,12,230.000,DJX211217P00230000,0,0,5.8,8.15,0,0.2749,-0.1437,0.0027,655
12/17/2021,DJX211217C00235000,0,0,66.1,73.75,0,0.264,0.8441,0.003,26,235.000,DJX211217P00235000,0,0,6.5,8.95,0,0.2696,-0.1584,0.003,2
12/17/2021,DJX211217C00240000,0,0,61.7,69.55,0,0.2575,0.829,0.0032,54,240.000,DJX211217P00240000,9.22,0,7.4,9.85,0,0.2654,-0.1751,0.0032,286
12/17/2021,DJX211217C00245000,0,0,57.7,65.45,0,0.2534,0.8111,0.0035,252,245.000,DJX211217P00245000,0,0,8.2,10.8,0,0.2599,-0.1921,0.0035,394
12/17/2021,DJX211217C00250000,0,0,55.8,60.05,0,0.2528,0.7895,0.0038,943,250.000,DJX211217P00250000,0,0,9.1,11.8,0,0.2545,-0.2104,0.0037,510
12/17/2021,DJX211217C00255000,0,0,51.85,56.1,0,0.2477,0.7697,0.004,4,255.000,DJX211217P00255000,0,0,10.1,12.9,0,0.2493,-0.2301,0.004,12
12/17/2021,DJX211217C00260000,0,0,48,52.25,0,0.2426,0.7484,0.0043,1945,260.000,DJX211217P00260000,0,0,11.2,14.05,0,0.244,-0.2512,0.0043,1360
12/17/2021,DJX211217C00265000,0,0,44.2,48.5,0,0.2374,0.7258,0.0046,303,265.000,DJX211217P00265000,0,0,12.35,15.35,0,0.2388,-0.2737,0.0046,670
12/17/2021,DJX211217C00270000,0,0,40.55,44.85,0,0.2325,0.7016,0.0049,544,270.000,DJX211217P00270000,16,0,13.65,16.7,0,0.2336,-0.2978,0.0049,432
12/17/2021,DJX211217C00275000,0,0,37,41.3,0,0.2274,0.6759,0.0052,9,275.000,DJX211217P00275000,0,0,15.1,18.15,0,0.2285,-0.3233,0.0052,32
12/17/2021,DJX211217C00276000,0,0,37,40.6,0,0.2296,0.6695,0.0052,0,276.000,DJX211217P00276000,0,0,15.35,18.45,0,0.2273,-0.3285,0.0053,0
12/17/2021,DJX211217C00277000,0,0,35.6,39.85,0,0.2251,0.6653,0.0053,0,277.000,DJX211217P00277000,0,0,15.7,18.75,0,0.2264,-0.334,0.0053,1
12/17/2021,DJX211217C00278000,0,0,34.95,39.15,0,0.2242,0.6599,0.0054,0,278.000,DJX211217P00278000,0,0,15.95,19.05,0,0.2251,-0.3393,0.0054,0
12/17/2021,DJX211217C00279000,0,0,34.25,38.5,0,0.2232,0.6543,0.0055,0,279.000,DJX211217P00279000,20.4,0,16.25,19.4,0,0.2241,-0.3448,0.0054,1
12/17/2021,DJX211217C00280000,33.1,0,33.6,37.8,0,0.2222,0.6488,0.0055,404,280.000,DJX211217P00280000,0,0,16.6,19.7,0,0.2232,-0.3503,0.0055,10
12/17/2021,DJX211217C00281000,0,0,32.9,37.1,0,0.221,0.6432,0.0056,0,281.000,DJX211217P00281000,0,0,16.9,20.05,0,0.2221,-0.3559,0.0055,0
12/17/2021,DJX211217C00282000,0,0,32.25,36.45,0,0.2201,0.6375,0.0056,1,282.000,DJX211217P00282000,0,0,17.2,20.35,0,0.2208,-0.3615,0.0056,0
12/17/2021,DJX211217C00283000,0,0,31.6,35.75,0,0.219,0.6318,0.0057,0,283.000,DJX211217P00283000,0,0,17.55,20.7,0,0.22,-0.3673,0.0057,0
12/17/2021,DJX211217C00284000,0,0,30.9,35.1,0,0.2179,0.626,0.0057,0,284.000,DJX211217P00284000,0,0,17.85,21.05,0,0.2188,-0.373,0.0057,0
12/17/2021,DJX211217C00285000,30.1,0,30.25,34.45,0,0.2169,0.6201,0.0058,17,285.000,DJX211217P00285000,0,0,18.2,21.4,0,0.2178,-0.3789,0.0058,70
12/17/2021,DJX211217C00286000,0,0,30.25,33.85,0,0.2189,0.6138,0.0058,0,286.000,DJX211217P00286000,0,0,18.55,21.75,0,0.2168,-0.3848,0.0058,0
12/17/2021,DJX211217C00287000,0,0,29,33.15,0,0.215,0.6082,0.0059,0,287.000,DJX211217P00287000,0,0,18.9,22.1,0,0.2157,-0.3907,0.0059,0
12/17/2021,DJX211217C00288000,0,0,28.35,32.5,0,0.2139,0.6021,0.006,17,288.000,DJX211217P00288000,0,0,19.25,22.45,0,0.2146,-0.3968,0.0059,2
12/17/2021,DJX211217C00289000,0,0,27.7,31.85,0,0.2127,0.596,0.006,3,289.000,DJX211217P00289000,24.6,0,19.6,22.85,0,0.2137,-0.4028,0.006,6
12/17/2021,DJX211217C00290000,27.6,0,27.1,31.2,0,0.2117,0.5899,0.0061,2581,290.000,DJX211217P00290000,0,0,19.95,23.2,0,0.2125,-0.409,0.006,260
12/17/2021,DJX211217C00291000,0,0,26.5,30.6,0,0.2108,0.5837,0.0061,0,291.000,DJX211217P00291000,0,0,20.3,23.6,0,0.2114,-0.4152,0.0061,0
12/17/2021,DJX211217C00292000,0,0,25.85,29.95,0,0.2095,0.5774,0.0062,20,292.000,DJX211217P00292000,0,0,20.7,24,0,0.2106,-0.4214,0.0061,0
12/17/2021,DJX211217C00293000,0,0,25.25,29.35,0,0.2086,0.571,0.0062,0,293.000,DJX211217P00293000,0,0,21.1,24.35,0,0.2094,-0.4278,0.0062,0
12/17/2021,DJX211217C00294000,0,0,24.65,28.75,0,0.2076,0.5646,0.0063,11,294.000,DJX211217P00294000,0,0,21.45,24.75,0,0.2082,-0.4342,0.0062,0
12/17/2021,DJX211217C00295000,0,0,24.1,28.2,0,0.207,0.5582,0.0063,214,295.000,DJX211217P00295000,0,0,21.85,25.15,0,0.2072,-0.4406,0.0063,22
12/17/2021,DJX211217C00300000,23.47,1.645,21.2,25.3,1,0.202,0.5252,0.0065,10,300.000,DJX211217P00300000,26.13,-0.97,23.85,27.3,1,0.202,-0.4737,0.0065,84
12/17/2021,DJX211217C00305000,20,1.425,18.45,22.5,1,0.1967,0.4908,0.0067,61,305.000,DJX211217P00305000,0,0,26,29.6,0,0.1968,-0.508,0.0067,22
12/17/2021,DJX211217C00310000,0,0,15.9,19.9,0,0.1917,0.4553,0.0068,84,310.000,DJX211217P00310000,31.1,0,28.35,32.05,0,0.1917,-0.5436,0.0068,21
12/17/2021,DJX211217C00315000,0,0,13.5,17.45,0,0.1866,0.4189,0.0069,307,315.000,DJX211217P00315000,34.1,0,30.95,34.7,0,0.187,-0.5797,0.0069,45
12/17/2021,DJX211217C00320000,13.1,0,11.4,15.2,0,0.1821,0.3823,0.0069,557,320.000,DJX211217P00320000,0,0,33.7,37.6,0,0.1826,-0.6161,0.0069,104
06/17/2022,DJX220617C00190000,0,0,104.05,114.5,0,0.2765,0.9266,0.0013,382,190.000,DJX220617P00190000,5.8,0,3.45,5.45,0,0.291,-0.0792,0.0014,8
06/17/2022,DJX220617C00195000,0,0,100,109.5,0,0.2724,0.9181,0.0015,14,195.000,DJX220617P00195000,0,0,3.95,6.05,0,0.2872,-0.0883,0.0015,0
06/17/2022,DJX220617C00200000,0,0,95.6,105,0,0.2687,0.9085,0.0016,5,200.000,DJX220617P00200000,0,0,4.5,6.7,0,0.2834,-0.0981,0.0017,0
06/17/2022,DJX220617C00205000,0,0,91.25,101,0,0.2686,0.896,0.0018,0,205.000,DJX220617P00205000,0,0,5.1,7.4,0,0.2796,-0.1086,0.0018,0
06/17/2022,DJX220617C00210000,0,0,87,96.5,0,0.2643,0.8852,0.002,1,210.000,DJX220617P00210000,0,0,5.8,8.1,0,0.2758,-0.1198,0.002,0
06/17/2022,DJX220617C00215000,0,0,82.5,92,0,0.2577,0.8752,0.0022,0,215.000,DJX220617P00215000,0,0,6.4,8.95,0,0.2715,-0.1316,0.0021,0
06/17/2022,DJX220617C00220000,0,0,78.35,88,0,0.256,0.861,0.0023,0,220.000,DJX220617P00220000,0,0,7.15,9.8,0,0.2675,-0.1443,0.0023,3
06/17/2022,DJX220617C00225000,0,0,74.3,84,0,0.2539,0.8463,0.0025,0,225.000,DJX220617P00225000,0,0,8,10.7,0,0.2637,-0.1579,0.0025,20
06/17/2022,DJX220617C00230000,0,0,70.4,80,0,0.2517,0.8306,0.0027,0,230.000,DJX220617P00230000,0,0,8.8,11.65,0,0.2591,-0.1719,0.0027,0
06/17/2022,DJX220617C00235000,0,0,66.4,76,0,0.2481,0.8151,0.0029,1,235.000,DJX220617P00235000,0,0,9.75,12.7,0,0.2552,-0.1873,0.0029,0
06/17/2022,DJX220617C00240000,0,0,65.2,70.3,0,0.2491,0.7957,0.0031,0,240.000,DJX220617P00240000,0,0,10.75,13.8,0,0.2511,-0.2034,0.0031,1
06/17/2022,DJX220617C00245000,0,0,61.35,66.45,0,0.2453,0.7785,0.0033,1,245.000,DJX220617P00245000,0,0,11.8,14.95,0,0.2468,-0.2203,0.0033,2
06/17/2022,DJX220617C00250000,0,0,57.55,62.7,0,0.2414,0.7604,0.0035,0,250.000,DJX220617P00250000,0,0,12.95,16.2,0,0.2428,-0.2383,0.0035,20
06/17/2022,DJX220617C00255000,0,0,53.85,59,0,0.2375,0.7413,0.0037,0,255.000,DJX220617P00255000,16.75,0,14.25,17.5,0,0.2389,-0.2573,0.0037,4
06/17/2022,DJX220617C00260000,0,0,50.25,55.4,0,0.2336,0.7212,0.0039,150,260.000,DJX220617P00260000,0,0,15.45,18.9,0,0.2342,-0.277,0.0039,150
06/17/2022,DJX220617C00265000,47.37,0,46.7,51.9,0,0.2297,0.7001,0.0041,4,265.000,DJX220617P00265000,0,0,16.85,20.4,0,0.2302,-0.2979,0.0041,35
06/17/2022,DJX220617C00270000,42.4,0,43.3,48.5,0,0.226,0.6781,0.0043,7,270.000,DJX220617P00270000,0,0,18.4,22,0,0.2263,-0.32,0.0043,0
06/17/2022,DJX220617C00275000,40.35,0,39.95,45.15,0,0.2219,0.6551,0.0045,5,275.000,DJX220617P00275000,0,0,20.05,23.65,0,0.2223,-0.3429,0.0045,20
06/17/2022,DJX220617C00280000,0,0,36.75,41.85,0,0.2178,0.6312,0.0047,0,280.000,DJX220617P00280000,27.6,0,21.65,25.45,0,0.2179,-0.3668,0.0047,3
06/17/2022,DJX220617C00285000,0,0,33.65,38.7,0,0.2138,0.6063,0.0049,0,285.000,DJX220617P00285000,0,0,23.45,27.35,0,0.2138,-0.3917,0.0049,27
06/17/2022,DJX220617C00290000,0,0,30.65,35.65,0,0.2097,0.5804,0.0051,0,290.000,DJX220617P00290000,0,0,25.45,29.3,0,0.2098,-0.4175,0.0051,25
06/17/2022,DJX220617C00295000,27.5,0,27.8,32.75,0,0.2059,0.5537,0.0052,32,295.000,DJX220617P00295000,0,0,27.5,31.45,0,0.2059,-0.4442,0.0052,9
06/17/2022,DJX220617C00300000,0,0,25.05,30,0,0.2021,0.5262,0.0054,0,300.000,DJX220617P00300000,0,0,29.6,33.75,0,0.2018,-0.4718,0.0054,3
06/17/2022,DJX220617C00305000,0,0,22.4,27.35,0,0.1981,0.498,0.0055,3,305.000,DJX220617P00305000,0,0,31.9,36.15,0,0.1979,-0.5,0.0055,1
06/17/2022,DJX220617C00310000,0,0,19.95,24.9,0,0.1946,0.4694,0.0056,0,310.000,DJX220617P00310000,0,0,34.3,38.7,0,0.194,-0.5289,0.0056,0
06/17/2022,DJX220617C00315000,0,0,17.6,22.5,0,0.1907,0.44,0.0056,0,315.000,DJX220617P00315000,0,0,36.85,41.35,0,0.19,-0.5585,0.0057,21
06/17/2022,DJX220617C00320000,0,0,15.5,20.25,0,0.1873,0.4107,0.0057,2,320.000,DJX220617P00320000,0,0,39.55,44.2,0,0.1863,-0.5882,0.0057,31
06/17/2022,DJX220617C00325000,0,0,13.55,18.15,0,0.184,0.3814,0.0057,0,325.000,DJX220617P00325000,0,0,42.45,47.2,0,0.1828,-0.6178,0.0057,0
06/17/2022,DJX220617C00330000,0,0,11.8,16.25,0,0.1811,0.3526,0.0056,0,330.000,DJX220617P00330000,0,0,45.55,50.4,0,0.1798,-0.6469,0.0056,0
06/17/2022,DJX220617C00335000,0,0,10.25,14.5,0,0.1785,0.3246,0.0055,1,335.000,DJX220617P00335000,0,0,48.9,53.7,0,0.1771,-0.6753,0.0055,0
06/17/2022,DJX220617C00340000,0,0,8.85,12.9,0,0.1761,0.2974,0.0054,2,340.000,DJX220617P00340000,0,0,52.35,57.25,0,0.1747,-0.7026,0.0054,1
06/17/2022,DJX220617C00345000,0,0,7.6,11.4,0,0.1737,0.2709,0.0052,0,345.000,DJX220617P00345000,0,0,56,60.9,0,0.1725,-0.7289,0.0052,0
06/17/2022,DJX220617C00350000,0,0,6.5,10.15,0,0.172,0.2464,0.005,0,350.000,DJX220617P00350000,0,0,59.8,64.65,0,0.1704,-0.7542,0.005,3
06/17/2022,DJX220617C00355000,0,0,5.5,8.95,0,0.17,0.2225,0.0048,0,355.000,DJX220617P00355000,0,0,63.7,68.5,0,0.1682,-0.7786,0.0048,11
06/17/2022,DJX220617C00360000,0,0,4.65,7.85,0,0.1682,0.2,0.0045,0,360.000,DJX220617P00360000,0,0,65.3,75,0,0.1665,-0.8007,0.0046,45
12/16/2022,DJX221216C00100000,191.34,2.015,187.25,196.2,51,0,0.9946,0.0001,81,100.000,DJX221216P00100000,0.7,-0.15,0.6,0.95,1,0.3796,-0.0117,0.0002,158
12/16/2022,DJX221216C00105000,0,0,182.4,191.45,0,0,0.9911,0.0001,0,105.000,DJX221216P00105000,0,0,0.29,1.06,0,0.3558,-0.0111,0.0002,0
12/16/2022,DJX221216C00110000,0,0,177.5,186.7,0,0,0.9946,0.0001,0,110.000,DJX221216P00110000,0,0,0.42,1.19,0,0.3505,-0.0132,0.0002,0
12/16/2022,DJX221216C00115000,0,0,172.65,182.05,0,0,0.9903,0.0002,0,115.000,DJX221216P00115000,0,0,0.55,1.36,0,0.3454,-0.0156,0.0003,3
12/16/2022,DJX221216C00120000,0,0,167.8,177.35,0,0,0.9866,0.0002,0,120.000,DJX221216P00120000,0,0,0.67,1.58,0,0.3404,-0.0182,0.0003,3
12/16/2022,DJX221216C00125000,0,0,163,172.7,0,0,0.9823,0.0003,0,125.000,DJX221216P00125000,0,0,0.79,1.82,0,0.3353,-0.0211,0.0004,6
12/16/2022,DJX221216C00130000,0,0,158.25,168.05,0,0,0.9778,0.0004,0,130.000,DJX221216P00130000,2.57,0,0.96,2.08,0,0.3307,-0.0245,0.0004,2
12/16/2022,DJX221216C00135000,0,0,153.45,163.4,0,0,0.9957,0,0,135.000,DJX221216P00135000,0,0,1.13,2.36,0,0.3257,-0.028,0.0005,0
12/16/2022,DJX221216C00140000,0,0,148.75,158.8,0,0.2316,0.9888,0.0002,0,140.000,DJX221216P00140000,0,0,1.33,2.68,0,0.3212,-0.032,0.0005,0
12/16/2022,DJX221216C00145000,0,0,144.05,154.2,0,0.2482,0.982,0.0004,0,145.000,DJX221216P00145000,0,0,1.57,3,0,0.3166,-0.0364,0.0006,0
12/16/2022,DJX221216C00150000,0,0,139.4,149.65,0,0.2577,0.9749,0.0005,0,150.000,DJX221216P00150000,0,0,1.83,3.4,0,0.3126,-0.0413,0.0007,0
12/16/2022,DJX221216C00155000,0,0,134.8,145.15,0,0.2638,0.9675,0.0006,0,155.000,DJX221216P00155000,0,0,2.13,3.8,0,0.3083,-0.0466,0.0008,2
12/16/2022,DJX221216C00160000,0,0,130.2,140.65,0,0.2663,0.9604,0.0007,0,160.000,DJX221216P00160000,0,0,2.46,4.25,0,0.3043,-0.0524,0.0008,0
12/16/2022,DJX221216C00165000,0,0,125.65,136.2,0,0.2679,0.9527,0.0008,0,165.000,DJX221216P00165000,0,0,2.83,4.75,0,0.3006,-0.0588,0.0009,0
12/16/2022,DJX221216C00170000,0,0,121.15,131.75,0,0.2681,0.9448,0.0009,0,170.000,DJX221216P00170000,0,0,3.25,5.25,0,0.2965,-0.0656,0.001,0
12/16/2022,DJX221216C00175000,0,0,116.7,127.35,0,0.2679,0.9364,0.0011,0,175.000,DJX221216P00175000,0,0,3.75,5.8,0,0.293,-0.0731,0.0011,0
12/16/2022,DJX221216C00180000,114.75,0,112.3,122.95,0,0.2669,0.9276,0.0012,50,180.000,DJX221216P00180000,0,0,4.2,6.45,0,0.2892,-0.081,0.0012,29
12/16/2022,DJX221216C00185000,0,0,107.95,118.65,0,0.2659,0.918,0.0013,5,185.000,DJX221216P00185000,0,0,4.75,7.1,0,0.2856,-0.0895,0.0014,6
12/16/2022,DJX221216C00190000,0,0,103.6,114.4,0,0.2643,0.9081,0.0014,0,190.000,DJX221216P00190000,0,0,5.3,7.8,0,0.2816,-0.0984,0.0015,0
12/16/2022,DJX221216C00195000,0,0,99.9,109,0,0.2583,0.9002,0.0016,0,195.000,DJX221216P00195000,0,0,6,8.5,0,0.278,-0.1081,0.0016,0
12/16/2022,DJX221216C00200000,0,0,95.7,105,0,0.2578,0.8882,0.0017,17,200.000,DJX221216P00200000,0,0,6.7,9.3,0,0.2745,-0.1185,0.0017,137
12/16/2022,DJX221216C00205000,93.48,0,91.55,101,0,0.2566,0.876,0.0019,9,205.000,DJX221216P00205000,0,0,7.4,10.15,0,0.2706,-0.1292,0.0019,0
12/16/2022,DJX221216C00210000,0,0,87.45,97,0,0.2548,0.8633,0.002,0,210.000,DJX221216P00210000,0,0,8.2,11.05,0,0.267,-0.1408,0.002,400
12/16/2022,DJX221216C00215000,0,0,83.4,93,0,0.2524,0.8504,0.0022,0,215.000,DJX221216P00215000,0,0,9.05,12,0,0.2634,-0.1529,0.0021,2
12/16/2022,DJX221216C00220000,0,0,79.4,89,0,0.2496,0.837,0.0023,1,220.000,DJX221216P00220000,12.46,0,9.95,13,0,0.2596,-0.1657,0.0023,1
12/16/2022,DJX221216C00225000,0,0,75.5,85,0,0.2466,0.8229,0.0025,1,225.000,DJX221216P00225000,0,0,10.95,14.1,0,0.2563,-0.1794,0.0024,20
12/16/2022,DJX221216C00230000,0,0,71.65,81,0,0.2432,0.8084,0.0026,11,230.000,DJX221216P00230000,0,0,11.95,15.2,0,0.2523,-0.1935,0.0026,0
12/16/2022,DJX221216C00235000,0,0,70.2,76.25,0,0.2461,0.7896,0.0028,3,235.000,DJX221216P00235000,0,0,13,16.4,0,0.2485,-0.2084,0.0028,150
12/16/2022,DJX221216C00240000,0,0,66.45,72.5,0,0.2428,0.7737,0.0029,2,240.000,DJX221216P00240000,16.75,0,14.15,17.65,0,0.2447,-0.224,0.0029,8
12/16/2022,DJX221216C00245000,0,0,62.8,68.85,0,0.2396,0.7571,0.0031,2035,245.000,DJX221216P00245000,18,0,15.4,19,0,0.2412,-0.2404,0.0031,5
12/16/2022,DJX221216C00250000,0,0,59.15,65.25,0,0.236,0.7398,0.0033,12,250.000,DJX221216P00250000,0,0,16.7,20.4,0,0.2375,-0.2576,0.0032,5
12/16/2022,DJX221216C00255000,0,0,55.65,61.7,0,0.2326,0.7218,0.0034,12,255.000,DJX221216P00255000,0,0,18.1,21.9,0,0.234,-0.2755,0.0034,35
12/16/2022,DJX221216C00260000,51,0,52.2,58.25,0,0.2292,0.703,0.0036,912,260.000,DJX221216P00260000,0,0,19.55,23.45,0,0.2303,-0.2941,0.0036,105
12/16/2022,DJX221216C00265000,48.65,-1.3,48.85,54.85,1,0.2257,0.6835,0.0037,4,265.000,DJX221216P00265000,0,0,21.1,25.1,0,0.2267,-0.3135,0.0037,47
12/16/2022,DJX221216C00270000,0,0,45.6,51.55,0,0.2223,0.6632,0.0039,201,270.000,DJX221216P00270000,27.45,0,22.7,26.85,0,0.2231,-0.3336,0.0039,82
12/16/2022,DJX221216C00275000,0,0,42.4,48.35,0,0.2187,0.6423,0.0041,14,275.000,DJX221216P00275000,0,0,24.4,28.65,0,0.2193,-0.3545,0.004,21
12/16/2022,DJX221216C00280000,0,0,39.35,45.25,0,0.2154,0.6206,0.0042,186,280.000,DJX221216P00280000,0,0,26.25,30.55,0,0.2158,-0.3761,0.0042,54
12/16/2022,DJX221216C00285000,0,0,36.4,42.2,0,0.212,0.5983,0.0043,40,285.000,DJX221216P00285000,0,0,28.15,32.55,0,0.2121,-0.3984,0.0043,106
12/16/2022,DJX221216C00290000,0,0,33.55,39.3,0,0.2087,0.5753,0.0045,11,290.000,DJX221216P00290000,0,0,30.15,34.7,0,0.2086,-0.4214,0.0045,148
12/16/2022,DJX221216C00295000,0,0,30.75,36.45,0,0.2051,0.5517,0.0046,18,295.000,DJX221216P00295000,0,0,32.3,36.9,0,0.2051,-0.445,0.0046,10
12/16/2022,DJX221216C00300000,0,0,28.1,33.95,0,0.2024,0.5278,0.0047,47,300.000,DJX221216P00300000,0,0,34.5,39.3,0,0.2018,-0.4692,0.0047,2
12/16/2022,DJX221216C00305000,0,0,25.55,31.35,0,0.199,0.5032,0.0048,0,305.000,DJX221216P00305000,0,0,36.8,41.75,0,0.1982,-0.494,0.0048,1
12/16/2022,DJX221216C00310000,28.8,4.125,23.15,28.9,5,0.1959,0.4783,0.0048,0,310.000,DJX221216P00310000,0,0,39.35,44.35,0,0.1952,-0.5189,0.0049,0
12/16/2022,DJX221216C00315000,0,0,20.85,26.4,0,0.1922,0.4527,0.0049,0,315.000,DJX221216P00315000,0,0,41.9,47.05,0,0.1917,-0.5444,0.0049,6
12/16/2022,DJX221216C00320000,0,0,18.7,24.25,0,0.1894,0.4275,0.0049,0,320.000,DJX221216P00320000,0,0,44.6,49.9,0,0.1885,-0.57,0.005,1
12/16/2022,DJX221216C00325000,0,0,16.75,22.15,0,0.1866,0.4022,0.0049,1,325.000,DJX221216P00325000,0,0,47.45,52.9,0,0.1856,-0.5956,0.005,5
12/16/2022,DJX221216C00330000,0,0,14.95,20.2,0,0.1841,0.3773,0.0049,10,330.000,DJX221216P00330000,0,0,50.45,56,0,0.1826,-0.6212,0.0049,15
12/16/2022,DJX221216C00335000,0,0,13.3,18.4,0,0.1818,0.3528,0.0049,2,335.000,DJX221216P00335000,0,0,53.7,59.3,0,0.1804,-0.6457,0.0049,10
12/16/2022,DJX221216C00340000,0,0,11.8,16.7,0,0.1796,0.3288,0.0048,0,340.000,DJX221216P00340000,0,0,57,62.7,0,0.1779,-0.6703,0.0048,1
12/16/2022,DJX221216C00345000,0,0,10.45,15.15,0,0.1776,0.3056,0.0047,0,345.000,DJX221216P00345000,0,0,60.5,66.25,0,0.1759,-0.6938,0.0047,0
12/16/2022,DJX221216C00350000,0,0,9.25,13.75,0,0.1761,0.2835,0.0046,50,350.000,DJX221216P00350000,0,0,64.15,69.9,0,0.174,-0.7165,0.0046,3
12/16/2022,DJX221216C00355000,0,0,8.15,12.45,0,0.1745,0.2621,0.0044,0,355.000,DJX221216P00355000,0,0,67.85,73.65,0,0.1719,-0.7389,0.0045,11
12/16/2022,DJX221216C00360000,0,0,7.15,11.25,0,0.173,0.2416,0.0043,23,360.000,DJX221216P00360000,0,0,71.7,77.5,0,0.17,-0.7602,0.0043,45
12/16/2022,DJX221216C00365000,0,0,6.2,10.1,0,0.1712,0.2214,0.0041,0,365.000,DJX221216P00365000,0,0,75.8,81.4,0,0.1686,-0.7799,0.0042,0
12/16/2022,DJX221216C00370000,0,0,5.4,9.1,0,0.1699,0.2029,0.004,174,370.000,DJX221216P00370000,0,0,79.2,88.5,0,0.177,-0.7815,0.0039,0
